1742995190,19.28,54.2,0.0,100
1742995340,18.85,52.5,0.0,100
1742995380,18.73,52.6,0.0,100
1742995800,18.31,54.0,0.0,100
1742996500,18.12,52.1,0.0,100
1742996520,18.12,52.2,0.0,100
1742996530,18.13,52.4,0.0,100
1742996700,18.18,52.2,0.0,100
1742997600,18.22,52.0,0.0,100
1742998500,18.24,52.0,0.0,100
1742999400,18.21,51.5,0.0,100
1743000300,18.19,51.8,0.0,100
1743001200,18.26,51.6,0.0,100
1743002100,18.24,51.3,0.0,100
1743003000,18.20,51.2,0.0,100
1743003900,18.18,50.9,0.0,100
1743004800,18.14,52.1,0.0,100
1743005700,18.15,53.6,0.0,100
1743006600,18.14,54.6,0.0,100
1743007500,18.12,54.6,0.0,100
1743008400,18.12,54.4,0.0,100
1743009300,18.12,54.8,0.0,100
1743010200,18.07,54.7,0.0,100
1743011100,18.05,54.5,0.0,100
1743012000,17.98,54.4,0.0,100
1743012900,18.30,54.2,0.0,100
1743013800,18.51,53.7,0.0,100
1743014700,18.75,53.3,0.0,100
1743015600,18.95,52.9,0.0,100
1743016500,19.15,52.5,0.0,100
1743017400,19.19,52.8,0.0,100
1743018300,19.22,52.7,0.0,100
1743019200,19.32,52.3,0.0,100
1743020100,19.32,52.5,0.0,100
1743021000,19.21,52.3,0.0,100
1743021900,19.11,52.3,0.0,100
1743022800,19.05,52.2,0.0,100
1743023700,18.94,52.2,0.0,100
1743024600,18.88,52.0,0.0,100
1743025500,18.80,52.0,0.0,100
1743026400,18.73,52.1,0.0,100
1743027300,18.67,52.1,0.0,100
1743028200,18.60,52.2,0.0,100
1743029100,18.54,52.7,0.0,100
1743030000,18.52,53.0,0.0,100
1743030900,18.52,53.4,0.0,100
1743031800,18.49,53.4,0.0,100
1743032700,18.45,53.5,0.0,100
1743033600,18.43,53.4,0.0,100
1743034500,18.39,53.6,0.0,100
1743035400,18.38,53.7,0.0,100
1743036300,18.34,53.6,0.0,100
1743037200,18.31,54.5,0.0,100
1743038100,18.32,55.3,0.0,100
1743039000,18.29,57.1,0.0,100
1743039900,18.26,56.8,0.0,100
1743040800,18.22,56.4,0.0,100
1743041700,18.18,56.0,0.0,100
1743042600,18.16,55.8,0.0,100
1743043500,18.12,55.6,0.0,100
1743044400,18.08,55.4,0.0,100
1743045300,18.07,55.2,0.0,100
1743046200,18.06,55.0,0.0,100
1743047100,18.01,54.7,0.0,100
1743048000,17.99,54.7,0.0,100
1743048900,17.97,54.4,0.0,100
1743049800,17.93,54.3,0.0,100
1743050700,17.91,54.2,0.0,100
1743051600,17.93,54.8,0.0,100
1743052500,17.93,55.2,0.0,100
1743053400,17.95,55.5,0.0,100
1743054300,17.92,55.5,0.0,100
1743055200,17.83,55.0,0.0,100
1743056100,18.12,54.6,0.0,100
1743057000,18.30,54.3,0.0,100
1743057900,18.52,54.1,0.0,100
1743058800,18.67,53.8,0.0,100
1743059700,18.80,53.6,0.0,100
1743060600,18.92,53.4,0.0,100
1743061500,19.07,53.1,0.0,100
1743062400,19.12,52.9,0.0,100
1743063300,19.25,52.7,0.0,100
1743064200,19.29,52.7,0.0,100
1743065100,19.32,52.5,0.0,100
1743066000,19.37,52.6,0.0,100
1743066900,19.44,52.4,0.0,100
1743067800,19.49,52.2,0.0,100
1743068700,19.57,52.4,0.0,100
1743069600,19.59,52.7,0.0,100
1743070500,19.73,51.7,0.0,100
1743071400,19.76,52.1,0.0,100
1743072300,19.82,51.6,0.0,100
1743073200,19.70,47.2,0.0,100
1743074100,19.32,43.7,0.0,100
1743075000,19.48,46.9,0.0,100
1743075900,19.58,48.5,0.0,100
1743076800,19.65,49.1,0.0,100
1743077700,19.30,45.8,0.0,100
1743078600,19.30,46.9,0.0,100
1743079500,18.98,45.5,0.0,100
1743080400,18.59,44.6,0.0,100
1743081300,18.78,46.5,0.0,100
1743082200,18.44,44.6,0.0,100
1743083100,18.08,45.5,0.0,100
1743084000,18.49,47.3,0.0,100
1743084900,18.51,48.3,0.0,100
1743085800,18.54,48.5,0.0,100
1743086700,18.57,48.5,0.0,100
1743087600,18.58,48.8,0.0,100
1743088500,18.57,48.9,0.0,100
1743089400,18.57,49.0,0.0,100
1743090300,18.57,49.1,0.0,100
1743091200,18.54,49.2,0.0,100
1743092100,18.51,49.2,0.0,100
1743093000,18.54,49.4,0.0,100
1743093900,18.52,49.3,0.0,100
1743094800,18.47,49.3,0.0,100
1743095700,18.47,50.0,0.0,100
1743096600,18.48,52.4,0.0,100
1743097500,18.48,52.6,0.0,100
1743098400,18.45,52.2,0.0,100
1743099300,18.39,51.9,0.0,100
1743100200,18.37,51.4,0.0,100
1743101100,18.35,51.3,0.0,100
1743102000,18.32,51.3,0.0,100
1743102900,18.30,51.2,0.0,100
1743103800,18.19,50.8,0.0,100
1743104700,18.29,51.7,0.0,100
1743105600,18.26,51.3,0.0,100
1743106500,18.23,51.3,0.0,100
1743107400,18.11,50.6,0.0,100
1743108300,18.33,51.1,0.0,100
1743109200,18.62,51.1,0.0,100
1743110100,18.90,50.9,0.0,100
1743111000,19.09,50.7,0.0,100
1743111900,19.07,50.6,0.0,100
1743112800,19.05,50.6,0.0,100
1743113700,19.00,50.5,0.0,100
1743114600,18.97,50.6,0.0,100
1743115500,19.13,50.8,0.0,100
1743116400,19.30,50.7,0.0,100
1743117300,19.22,51.0,0.0,100
1743118200,19.16,52.0,0.0,100
1743119100,19.13,53.2,0.0,100
1743120000,19.08,51.8,0.0,100
1743120900,19.01,51.7,0.0,100
1743121800,18.93,52.1,0.0,100
1743122700,18.89,51.8,0.0,100
1743123600,18.83,52.2,0.0,100
1743124500,18.78,52.2,0.0,100
1743125400,18.74,52.6,0.0,100
1743126300,18.70,52.4,0.0,100
1743127200,18.65,52.3,0.0,100
1743128100,18.61,52.7,0.0,100
1743129000,18.59,52.5,0.0,100
1743129900,18.53,52.4,0.0,100
1743130800,18.52,52.5,0.0,100
1743131700,18.49,52.5,0.0,100
1743132600,18.45,52.3,0.0,100
1743133500,18.41,52.2,0.0,100
1743134400,18.36,52.1,0.0,100
1743135300,18.35,52.2,0.0,100
1743136200,18.28,52.0,0.0,100
1743137100,18.25,51.9,0.0,100
1743138000,18.39,52.6,0.0,100
1743138900,18.54,53.2,0.0,100
1743139800,18.62,53.0,0.0,100
1743140700,18.66,53.4,0.0,100
1743141600,18.70,54.2,0.0,100
1743142500,18.68,54.2,0.0,100
1743143400,18.69,54.2,0.0,100
1743144300,18.73,54.3,0.0,100
1743145200,18.74,54.1,0.0,100
1743146100,18.77,53.9,0.0,100
1743147000,18.78,53.8,0.0,100
1743147900,18.78,53.7,0.0,100
1743148800,18.82,53.8,0.0,100
1743149700,18.92,53.8,0.0,100
1743150600,18.95,53.8,0.0,100
1743151500,18.97,49.8,0.0,100
1743152400,19.04,47.1,0.0,100
1743153300,19.17,48.3,0.0,100
1743154200,19.24,48.0,0.0,100
1743155100,19.25,43.1,0.0,100
1743156000,19.21,41.6,0.0,100
1743156900,19.37,44.6,0.0,100
1743157800,19.44,45.8,0.0,100
1743158700,19.48,44.1,0.0,100
1743159600,19.50,40.9,0.0,100
1743160500,19.56,42.7,0.0,100
1743161400,19.60,41.7,0.0,100
1743162300,19.63,40.3,0.0,100
1743163200,19.99,40.8,0.0,100
1743164100,20.05,40.6,0.0,100
1743165000,20.12,41.3,0.0,100
1743165900,20.21,42.1,0.0,100
1743166800,20.27,42.6,0.0,100
1743167700,20.29,43.0,0.0,100
1743168600,20.31,43.1,0.0,100
1743169500,20.08,42.1,0.0,100
1743170400,20.03,42.1,0.0,100
1743171300,19.79,40.6,0.0,100
1743172200,19.70,40.5,0.0,100
1743173100,19.74,41.0,0.0,100
1743174000,19.72,41.4,0.0,100
1743174900,19.64,41.5,0.0,100
1743175800,19.60,42.3,0.0,100
1743176700,19.58,43.0,0.0,100
1743177600,19.56,43.3,0.0,100
1743178500,19.51,43.8,0.0,100
1743179400,19.51,44.1,0.0,100
1743180300,19.44,44.4,0.0,100
1743181200,19.47,45.0,0.0,100
1743182100,19.49,45.4,0.0,100
1743183000,19.44,45.5,0.0,100
1743183900,19.48,47.1,0.0,100
1743184800,19.43,48.4,0.0,100
1743185700,19.44,48.4,0.0,100
1743186600,19.42,49.4,0.0,100
1743187500,19.32,48.4,0.0,100
1743188400,19.32,48.6,0.0,100
1743189300,19.28,48.6,0.0,100
1743190200,19.40,48.4,0.0,100
1743191100,19.37,48.5,0.0,100
1743192000,19.34,48.6,0.0,100
1743192900,19.31,48.9,0.0,100
1743193800,19.25,49.3,0.0,100
1743194700,19.18,49.1,0.0,100
1743195600,19.10,49.5,0.0,100
1743196500,19.09,49.6,0.0,100
1743197400,19.05,49.7,0.0,100
1743198300,19.03,49.8,0.0,100
1743199200,18.96,49.9,0.0,100
1743200100,18.96,49.9,0.0,100
1743201000,18.95,50.5,0.0,100
1743201900,18.92,50.7,0.0,100
1743202800,18.88,50.9,0.0,100
1743203700,18.86,51.1,0.0,100
1743204600,18.86,51.1,0.0,100
1743205500,18.84,51.1,0.0,100
1743206400,18.79,50.9,0.0,100
1743207300,18.77,50.8,0.0,100
1743208200,18.76,50.7,0.0,100
1743209100,18.70,50.6,0.0,100
1743210000,18.68,50.7,0.0,100
1743210900,18.67,50.6,0.0,100
1743211800,18.67,50.5,0.0,100
1743212700,18.65,50.5,0.0,100
1743213600,18.65,50.4,0.0,100
1743214500,18.61,50.4,0.0,100
1743215400,18.62,50.1,0.0,100
1743216300,18.58,50.2,0.0,100
1743217200,18.56,50.2,0.0,100
1743218100,18.55,50.1,0.0,100
1743219000,18.53,49.9,0.0,100
1743219900,18.51,49.9,0.0,100
1743220800,18.48,49.9,0.0,100
1743221700,18.48,49.8,0.0,100
1743222600,18.44,49.7,0.0,100
1743223500,18.46,49.7,0.0,100
1743224400,18.42,49.9,0.0,100
1743225300,18.43,49.7,0.0,100
1743226200,18.39,49.7,0.0,100
1743227100,18.40,49.6,0.0,100
1743228000,18.40,49.7,0.0,100
1743228900,18.40,50.0,0.0,100
1743229800,18.44,50.1,0.0,100
1743230700,18.38,49.8,0.0,100
1743231600,18.41,49.6,0.0,100
1743232500,18.39,49.6,0.0,100
1743233400,18.21,46.6,0.0,100
1743234300,18.20,45.9,0.0,100
1743235200,18.36,46.0,0.0,100
1743236100,18.42,45.7,0.0,100
1743237000,18.58,46.0,0.0,100
1743237900,18.30,45.1,0.0,100
1743238800,18.63,45.5,0.0,100
1743239700,18.79,46.0,0.0,100
1743240600,18.92,46.5,0.0,100
1743241500,18.91,45.1,0.0,100
1743242400,18.87,44.6,0.0,100
1743243300,18.99,44.6,0.0,100
1743244200,19.10,44.4,0.0,100
1743245100,19.19,44.7,0.0,100
1743246000,19.33,45.4,0.0,100
1743246900,19.45,45.9,0.0,100
1743247800,19.53,46.1,0.0,100
1743248700,19.60,46.4,0.0,100
1743249600,19.68,46.6,0.0,100
1743250500,19.71,46.8,0.0,100
1743251400,19.74,46.9,0.0,100
1743252300,19.73,47.1,0.0,100
1743253200,19.76,47.2,0.0,100
1743254100,19.76,47.5,0.0,100
1743255000,19.71,47.0,0.0,100
1743255900,19.73,47.6,0.0,100
1743256800,19.79,48.3,0.0,100
1743257700,19.67,47.8,0.0,100
1743258600,19.53,46.6,0.0,100
1743259500,19.40,45.8,0.0,100
1743260400,19.24,45.5,0.0,100
1743261300,19.33,46.1,0.0,100
1743262200,19.35,46.5,0.0,100
1743263100,19.35,46.9,0.0,100
1743264000,19.30,47.2,0.0,100
1743264900,19.37,46.1,0.0,100
1743265800,19.29,46.6,0.0,100
1743266700,19.23,46.9,0.0,100
1743267600,19.17,47.2,0.0,100
1743268500,19.13,47.4,0.0,100
1743269400,19.10,47.6,0.0,100
1743270300,19.05,48.1,0.0,100
1743271200,19.05,48.7,0.0,100
1743272100,19.04,49.9,0.0,100
1743273000,18.90,49.3,0.0,100
1743273900,18.99,49.5,0.0,100
1743274800,18.98,50.8,0.0,100
1743275700,18.96,50.6,0.0,100
1743276600,19.18,50.8,0.0,100
1743277500,19.26,51.0,0.0,100
1743278400,19.25,51.1,0.0,100
1743279300,19.23,51.1,0.0,100
1743280200,19.24,51.2,0.0,100
1743281100,19.21,51.8,0.0,100
1743282000,19.21,51.7,0.0,100
1743282900,19.18,51.6,0.0,100
1743283800,19.20,51.9,0.0,100
1743284700,19.17,52.3,0.0,100
1743285600,19.16,52.5,0.0,100
1743286500,19.12,52.6,0.0,100
1743287400,19.11,52.8,0.0,100
1743288300,19.05,52.8,0.0,100
1743289200,19.05,53.1,0.0,100
1743290100,19.06,52.9,0.0,100
1743291000,19.04,52.9,0.0,100
1743291900,19.01,53.1,0.0,100
1743292800,19.01,53.3,0.0,100
1743293700,19.02,53.6,0.0,100
1743294600,19.05,53.8,0.0,100
1743295500,19.03,53.6,0.0,100
1743296400,18.97,54.1,0.0,100
1743297300,18.92,54.5,0.0,100
1743298200,18.91,54.5,0.0,100
1743299100,18.87,54.6,0.0,100
1743300000,18.86,54.7,0.0,100
1743300900,18.84,54.6,0.0,100
1743301800,18.82,54.6,0.0,100
1743302700,18.78,54.3,0.0,100
1743303600,18.75,53.8,0.0,100
1743304500,18.74,53.8,0.0,100
1743305400,18.74,54.0,0.0,100
1743306300,18.70,54.3,0.0,100
1743307200,18.68,54.3,0.0,100
1743308100,18.67,54.3,0.0,100
1743309000,18.64,54.3,0.0,100
1743309900,18.62,54.2,0.0,100
1743310800,18.62,54.3,0.0,100
1743311700,18.61,54.6,0.0,100
1743312600,18.59,54.7,0.0,100
1743313500,18.57,54.8,0.0,100
1743314400,18.56,54.8,0.0,100
1743315300,18.51,53.2,0.0,100
1743316200,18.45,52.5,0.0,100
1743317100,18.52,51.8,0.0,100
1743318000,18.53,51.6,0.0,100
1743318900,18.52,51.1,0.0,100
1743319800,18.44,50.6,0.0,100
1743320700,18.14,48.1,0.0,100
1743321600,18.49,49.5,0.0,100
1743322500,18.54,50.0,0.0,100
1743323400,18.26,47.4,0.0,100
1743324300,18.31,48.8,0.0,100
1743325200,18.43,48.7,0.0,100
1743326100,18.49,48.7,0.0,100
1743327000,18.51,48.8,0.0,100
1743327900,18.53,48.6,0.0,100
1743328800,18.37,47.3,0.0,100
1743329700,18.36,46.8,0.0,100
1743330600,18.32,46.7,0.0,100
1743331500,18.36,47.2,0.0,100
1743332400,18.49,48.8,0.0,100
1743333300,18.55,49.5,0.0,100
1743334200,18.63,50.1,0.0,100
1743335100,18.66,50.3,0.0,100
1743336000,18.71,50.5,0.0,100
1743336900,18.73,50.6,0.0,100
1743337800,18.75,50.7,0.0,100
1743338700,18.75,51.0,0.0,100
1743339600,18.73,51.0,0.0,100
1743340500,18.77,51.1,0.0,100
1743341400,18.77,51.0,0.0,100
1743342300,18.73,51.0,0.0,100
1743343200,18.70,51.0,0.0,100
1743344100,18.73,51.2,0.0,100
1743345000,18.77,52.1,0.0,100
1743345900,18.82,52.5,0.0,100
1743346800,18.78,52.5,0.0,100
1743347700,18.83,52.4,0.0,100
1743348600,18.84,52.4,0.0,100
1743349500,18.83,52.4,0.0,100
1743350400,18.82,52.8,0.0,100
1743351300,18.64,51.2,0.0,100
1743352200,18.92,52.2,0.0,100
1743353100,19.20,52.0,0.0,100
1743354000,19.38,51.8,0.0,100
1743354900,19.60,51.9,0.0,100
1743355800,19.63,51.9,0.0,100
1743356700,19.61,51.7,0.0,100
1743357600,19.54,51.7,0.0,100
1743358500,19.52,51.6,0.0,100
1743359400,19.50,51.7,0.0,100
1743360300,19.48,51.9,0.0,100
1743361200,19.26,51.8,0.0,100
1743362100,19.39,52.6,0.0,100
1743363000,19.35,52.8,0.0,100
1743363900,19.32,53.1,0.0,100
1743364800,19.28,53.4,0.0,100
1743365700,19.25,53.9,0.0,100
1743366600,19.22,54.3,0.0,100
1743367500,19.18,54.6,0.0,100
1743368400,19.17,54.9,0.0,100
1743369300,19.12,55.0,0.0,100
1743370200,19.08,54.5,0.0,100
1743371100,19.07,54.6,0.0,100
1743372000,19.04,54.9,0.0,100
1743372900,19.05,55.1,0.0,100
1743373800,19.04,55.5,0.0,100
1743374700,19.03,55.7,0.0,100
1743375600,19.01,56.3,0.0,100
1743376500,18.98,56.4,0.0,100
1743377400,18.97,56.4,0.0,100
1743378300,18.92,55.7,0.0,100
1743379200,18.90,55.6,0.0,100
1743380100,18.86,55.6,0.0,100
1743381000,18.85,55.4,0.0,100
1743381900,18.85,55.7,0.0,100
1743382800,18.81,55.2,0.0,100
1743383700,18.78,55.0,0.0,100
1743384600,18.79,54.9,0.0,100
1743385500,18.73,55.7,0.0,100
1743386400,18.73,55.2,0.0,100
1743387300,18.71,55.1,0.0,100
1743388200,18.70,55.6,0.0,100
1743389100,18.68,56.0,0.0,100
1743390000,18.62,55.9,0.0,100
1743390900,18.61,56.1,0.0,100
1743391800,18.61,55.0,0.0,100
1743392700,18.59,55.8,0.0,100
1743393600,18.58,55.6,0.0,100
1743394500,18.57,55.6,0.0,100
1743395400,18.55,54.9,0.0,100
1743396300,18.58,53.8,0.0,100
1743397200,18.63,53.7,0.0,100
1743398100,18.32,53.4,0.0,100
1743399000,18.68,53.3,0.0,100
1743399900,18.75,53.1,0.0,100
1743400800,18.12,49.2,0.0,100
1743401700,18.64,52.0,0.0,100
1743402600,18.75,52.0,0.0,100
1743403500,18.77,52.1,0.0,100
1743404400,18.87,52.4,0.0,100
1743405300,18.91,52.4,0.0,100
1743405470,18.88,52.6,0.0,100
1743405530,18.92,52.9,0.0,100
1743405530,18.93,52.8,0.0,100
1743406200,19.04,51.7,0.0,100
1743407100,19.08,51.6,0.0,100
1743408000,19.10,51.6,0.0,100
1743408900,19.15,52.1,0.0,100
1743409800,19.19,52.5,0.0,100
1743410700,19.22,52.9,0.0,100
1743411600,19.26,52.8,0.0,100
1743412500,19.27,52.4,0.0,100
1743413400,19.13,47.7,0.0,100
1743414300,18.11,43.4,0.0,100
1743415200,18.19,46.1,0.0,100
1743416100,18.71,46.9,0.0,100
1743417000,18.87,47.6,0.0,100
1743417900,19.10,48.2,0.0,100
1743418800,19.36,48.3,0.0,100
1743419700,19.43,48.4,0.0,100
1743420600,19.64,48.6,0.0,100
1743421500,19.45,45.7,0.0,100
1743422400,19.22,43.6,0.0,100
1743423300,19.28,43.5,0.0,100
1743424200,19.01,43.4,0.0,100
1743425100,19.37,44.7,0.0,100
1743426000,19.47,46.1,0.0,100
1743426900,19.61,47.2,0.0,100
1743427800,19.67,47.4,0.0,100
1743428700,19.59,47.6,0.0,100
1743429600,19.52,48.1,0.0,100
1743430500,19.47,48.3,0.0,100
1743431400,19.46,48.5,0.0,100
1743432300,19.27,48.0,0.0,100
1743433200,19.26,48.8,0.0,100
1743434100,19.27,49.0,0.0,100
1743435000,19.19,49.2,0.0,100
1743435900,19.17,49.4,0.0,100
1743436800,19.10,49.7,0.0,100
1743437700,18.95,49.0,0.0,100
1743438600,19.01,49.3,0.0,100
1743439500,18.98,49.4,0.0,100
1743440400,18.95,49.5,0.0,100
1743441300,18.88,49.6,0.0,100
1743442200,18.86,50.1,0.0,100
1743443100,18.83,50.1,0.0,100
1743444000,19.30,50.5,0.0,100
1743444900,19.57,50.9,0.0,100
1743445800,19.71,50.6,0.0,100
1743446700,19.67,50.5,0.0,100
1743447600,19.52,50.3,0.0,100
1743448500,19.52,50.3,0.0,100
1743449400,19.47,50.6,0.0,100
1743450300,19.72,50.9,0.0,100
1743451200,19.97,50.9,0.0,100
1743452100,20.18,50.9,0.0,100
1743453000,20.07,51.5,0.0,100
1743453900,19.92,51.1,0.0,100
1743454800,19.85,50.9,0.0,100
1743455700,19.76,51.0,0.0,100
1743456600,19.68,51.7,0.0,100
1743457500,19.59,51.6,0.0,100
1743458400,19.52,52.0,0.0,100
1743459300,19.45,52.2,0.0,100
1743460200,19.39,52.5,0.0,100
1743461100,19.37,52.7,0.0,100
1743462000,19.33,52.8,0.0,100
1743462900,19.26,52.5,0.0,100
1743463800,19.24,52.4,0.0,100
1743464700,19.20,52.8,0.0,100
1743465600,19.16,53.2,0.0,100
1743466500,19.15,52.1,0.0,100
1743467400,19.12,52.3,0.0,100
1743468300,19.07,52.4,0.0,100
1743469200,19.05,52.6,0.0,100
1743470100,19.03,52.8,0.0,100
1743471000,19.01,53.7,0.0,100
1743471900,18.97,53.0,0.0,100
1743472800,18.95,53.3,0.0,100
1743473700,18.91,53.2,0.0,100
1743474600,18.86,53.2,0.0,100
1743475500,18.83,53.1,0.0,100
1743476400,18.67,51.6,0.0,100
1743477300,18.97,52.2,0.0,100
1743478200,18.53,50.2,0.0,100
1743479100,19.04,51.5,0.0,100
1743480000,18.59,49.6,0.0,100
1743480900,18.83,49.7,0.0,100
1743481800,18.87,48.5,0.0,100
1743482700,18.90,48.7,0.0,100
1743483600,18.94,48.1,0.0,100
1743484500,18.86,47.8,0.0,100
1743485400,18.97,47.6,0.0,100
1743486300,18.93,47.3,0.0,100
1743487200,18.62,46.8,0.0,100
1743488100,18.46,43.6,0.0,100
1743489000,17.88,43.8,0.0,100
1743489900,17.87,44.0,0.0,100
1743490800,18.75,44.7,0.0,100
1743491700,18.32,43.6,0.0,100
1743492600,17.96,43.8,0.0,100
1743493500,18.03,43.7,0.0,100
1743494400,18.03,43.6,0.0,100
1743495300,18.00,43.7,0.0,100
1743496200,18.12,43.2,0.0,100
1743497100,18.37,43.5,0.0,100
1743498000,18.43,43.5,0.0,100
1743498900,18.46,43.0,0.0,100
1743499800,18.41,43.0,0.0,100
1743500700,18.46,43.2,0.0,100
1743501600,18.63,43.1,0.0,100
1743502500,18.63,43.1,0.0,100
1743503400,18.94,43.6,0.0,100
1743504300,19.28,44.0,0.0,100
1743505200,19.44,44.9,0.0,100
1743506100,19.63,45.1,0.0,100
1743507000,19.12,43.7,0.0,100
1743507900,19.18,44.5,0.0,100
1743508800,19.48,44.7,0.0,100
1743509700,19.47,45.2,0.0,100
1743510600,19.56,45.3,0.0,100
1743511500,19.60,45.9,0.0,100
1743512400,19.60,45.9,0.0,100
1743513300,19.64,46.0,0.0,100
1743514200,19.58,46.2,0.0,100
1743515100,19.42,46.5,0.0,100
1743516000,19.36,46.8,0.0,100
1743516900,18.96,45.5,0.0,100
1743517800,19.15,46.0,0.0,100
1743518700,19.07,46.2,0.0,100
1743519600,19.03,47.0,0.0,100
1743520500,18.77,46.7,0.0,100
1743521400,18.97,46.9,0.0,100
1743522300,18.83,46.8,0.0,100
1743523200,18.91,47.1,0.0,100
1743524100,18.91,47.4,0.0,100
1743525000,18.87,47.5,0.0,100
1743525900,18.84,47.8,0.0,100
1743526800,18.80,47.9,0.0,100
1743527700,18.72,48.5,0.0,100
1743528600,18.69,48.8,0.0,100
1743529500,18.79,49.0,0.0,100
1743530400,18.74,50.0,0.0,100
1743531300,19.04,49.6,0.0,100
1743532200,19.29,49.3,0.0,100
1743533100,19.45,49.3,0.0,100
1743534000,19.54,49.4,0.0,100
1743534900,19.68,49.6,0.0,100
1743535800,19.83,49.8,0.0,100
1743536700,19.98,49.8,0.0,100
1743537600,20.11,50.0,0.0,100
1743538500,20.14,50.1,0.0,100
1743539400,20.30,50.1,0.0,100
1743540300,20.11,50.1,0.0,100
1743541200,20.02,50.0,0.0,100
1743542100,19.91,50.0,0.0,100
1743543000,19.71,50.4,0.0,100
1743543900,19.61,51.1,0.0,100
1743544800,19.55,51.2,0.0,100
1743545700,19.46,51.6,0.0,100
1743546600,19.37,51.5,0.0,100
1743547500,19.32,52.6,0.0,100
1743548400,19.29,52.1,0.0,100
1743549300,19.25,52.7,0.0,100
1743550200,19.24,51.9,0.0,100
1743551100,19.20,52.0,0.0,100
1743552000,19.18,52.4,0.0,100
1743552900,19.15,52.1,0.0,100
1743553800,19.11,52.3,0.0,100
1743554700,19.10,52.7,0.0,100
1743555600,19.07,52.9,0.0,100
1743556500,19.00,53.4,0.0,100
1743557400,18.98,53.2,0.0,100
1743558300,18.92,53.4,0.0,100
1743559200,18.91,53.3,0.0,100
1743560100,18.86,53.4,0.0,100
1743561000,18.85,53.4,0.0,100
1743561900,18.81,53.5,0.0,100
1743562800,18.79,53.1,0.0,100
1743563700,18.75,53.3,0.0,100
1743564600,18.71,53.3,0.0,100
1743565500,18.68,53.3,0.0,100
1743566400,18.81,52.9,0.0,100
1743567300,18.94,52.6,0.0,100
1743568200,19.10,52.4,0.0,100
1743569100,18.51,50.8,0.0,100
1743570000,18.99,50.8,0.0,100
1743570900,19.07,50.6,0.0,100
1743571800,19.07,50.5,0.0,100
1743572700,19.20,50.7,0.0,100
1743573600,18.71,49.8,0.0,100
1743574500,19.18,49.7,0.0,100
1743575400,19.23,49.6,0.0,100
1743576300,19.22,50.0,0.0,100
1743577200,18.10,45.0,0.0,100
1743578100,18.05,43.9,0.0,100
1743579000,18.48,45.3,0.0,100
1743579900,18.26,43.9,0.0,100
1743580800,18.41,43.5,0.0,100
1743581700,18.99,44.3,0.0,100
1743582600,18.85,44.0,0.0,100
1743583500,19.30,44.9,0.0,100
1743584400,19.39,44.7,0.0,100
1743585300,19.39,43.7,0.0,100
1743586200,19.63,45.0,0.0,100
1743587100,19.81,46.4,0.0,100
1743588000,20.02,48.4,0.0,100
1743588900,20.23,49.9,0.0,100
1743589800,20.39,51.4,0.0,100
1743590700,20.49,51.8,0.0,100
1743591600,20.53,51.5,0.0,100
1743592500,20.33,49.5,0.0,100
1743593400,20.38,48.3,0.0,100
1743594300,20.09,44.1,0.0,100
1743595200,19.81,43.1,0.0,100
1743596100,19.67,42.2,0.0,100
1743597000,19.96,42.8,0.0,100
1743597900,20.11,42.7,0.0,100
1743598800,20.13,42.6,0.0,100
1743599700,19.95,42.1,0.0,100
1743600600,20.06,42.6,0.0,100
1743601500,20.16,43.8,0.0,100
1743602400,19.94,41.2,0.0,100
1743603300,19.91,44.1,0.0,100
1743604200,19.91,44.6,0.0,100
1743605100,19.75,45.3,0.0,100
1743606000,19.66,45.7,0.0,100
1743606900,19.59,46.0,0.0,100
1743607800,19.50,46.0,0.0,100
1743608700,19.43,46.1,0.0,100
1743609600,19.37,46.1,0.0,100
1743610500,19.15,41.3,0.0,100
1743611400,18.93,43.9,0.0,100
1743612300,18.98,44.3,0.0,100
1743613200,19.13,45.0,0.0,100
1743614100,19.10,46.0,0.0,100
1743615000,18.99,47.0,0.0,100
1743615900,18.39,42.3,0.0,100
1743616800,18.72,44.0,0.0,100
1743617700,18.86,45.3,0.0,100
1743618600,18.96,46.3,0.0,100
1743619500,19.07,47.9,0.0,100
1743620400,19.02,48.4,0.0,100
1743621300,18.78,44.4,0.0,100
1743622200,18.66,44.3,0.0,100
1743623100,18.68,44.8,0.0,100
1743624000,18.63,44.9,0.0,100
1743624900,18.50,49.7,0.0,100
1743625800,18.85,49.5,0.0,100
1743626700,18.90,49.8,0.0,100
1743627600,18.95,50.4,0.0,100
1743628500,18.93,51.0,0.0,100
1743629400,18.97,50.9,0.0,100
1743630300,18.94,51.2,0.0,100
1743631200,18.92,51.3,0.0,100
1743632100,18.93,51.3,0.0,100
1743633000,18.90,51.5,0.0,100
1743633900,18.91,51.7,0.0,100
1743634800,18.87,51.8,0.0,100
1743635700,18.79,51.4,0.0,100
1743636600,18.82,51.6,0.0,100
1743637500,18.80,51.4,0.0,100
1743638400,18.75,51.0,0.0,100
1743639300,18.73,50.9,0.0,100
1743640200,18.69,50.7,0.0,100
1743641100,18.67,50.6,0.0,100
1743642000,18.63,50.6,0.0,100
1743642900,18.63,50.4,0.0,100
1743643800,18.65,50.4,0.0,100
1743644700,18.63,50.3,0.0,100
1743645600,18.58,50.3,0.0,100
1743646500,18.58,50.2,0.0,100
1743647400,18.57,50.2,0.0,100
1743648300,18.54,50.1,0.0,100
1743649200,18.54,50.3,0.0,100
1743650100,18.44,50.1,0.0,100
1743651000,18.73,49.7,0.0,100
1743651900,18.88,49.3,0.0,100
1743652800,18.94,49.0,0.0,100
1743653700,18.92,49.1,0.0,100
1743654600,18.88,49.0,0.0,100
1743655500,18.83,48.8,0.0,100
1743656400,18.78,48.5,0.0,100
1743657300,18.70,48.2,0.0,100
1743658200,18.63,46.8,0.0,100
1743659100,18.55,46.4,0.0,100
1743660000,17.85,43.6,0.0,100
1743660900,17.61,43.1,0.0,100
1743661800,17.60,42.9,0.0,100
1743662700,17.63,42.6,0.0,100
1743663600,17.82,42.6,0.0,100
1743664500,17.93,42.4,0.0,100
1743665400,18.01,42.4,0.0,100
1743666300,18.11,42.3,0.0,100
1743667200,18.34,42.4,0.0,100
1743668100,18.48,42.6,0.0,100
1743669000,18.71,42.3,0.0,100
1743669900,18.90,42.5,0.0,100
1743670800,19.06,41.9,0.0,100
1743671700,19.32,41.9,0.0,100
1743672600,19.50,41.9,0.0,100
1743673500,19.59,43.0,0.0,100
1743674400,19.75,43.4,0.0,100
1743675300,19.87,43.3,0.0,100
1743676200,20.02,43.4,0.0,100
1743677100,20.11,44.1,0.0,100
1743678000,20.17,44.6,0.0,100
1743678900,20.23,44.5,0.0,100
1743679800,20.31,44.5,0.0,100
1743680700,20.36,44.3,0.0,100
1743681600,20.38,44.2,0.0,100
1743682500,20.42,43.8,0.0,100
1743683400,20.46,43.7,0.0,100
1743684300,20.47,43.4,0.0,100
1743685200,20.40,43.9,0.0,100
1743686100,20.40,44.3,0.0,100
1743687000,20.39,46.3,0.0,100
1743687900,20.44,46.4,0.0,100
1743688800,20.36,47.3,0.0,100
1743689700,20.30,47.3,0.0,100
1743690600,20.18,47.6,0.0,100
1743691500,20.02,47.9,0.0,100
1743692400,19.90,48.0,0.0,100
1743693300,19.81,48.0,0.0,100
1743694200,19.73,48.0,0.0,100
1743695100,19.65,48.0,0.0,100
1743696000,19.59,48.1,0.0,100
1743696900,19.52,48.2,0.0,100
1743697800,19.47,48.3,0.0,100
1743698700,19.29,48.0,0.0,100
1743699600,19.37,47.9,0.0,100
1743700500,19.30,47.6,0.0,100
1743701400,19.25,48.0,0.0,100
1743702300,19.23,48.5,0.0,100
1743703200,19.20,48.5,0.0,100
1743704100,19.17,48.7,0.0,100
1743705000,19.11,48.9,0.0,100
1743705900,19.05,49.2,0.0,100
1743706800,19.06,49.2,0.0,100
1743707700,19.04,49.3,0.0,100
1743708600,19.03,49.4,0.0,100
1743709500,18.98,49.4,0.0,100
1743710400,18.98,49.3,0.0,100
1743711300,18.98,49.6,0.0,100
1743712200,18.98,50.5,0.0,100
1743713100,18.92,50.6,0.0,100
1743714000,18.93,50.8,0.0,100
1743714900,18.86,50.8,0.0,100
1743715800,18.90,50.8,0.0,100
1743716700,18.88,50.9,0.0,100
1743717600,18.88,51.0,0.0,100
1743718500,18.87,51.1,0.0,100
1743719400,18.84,51.2,0.0,100
1743720300,18.83,51.3,0.0,100
1743721200,18.83,51.4,0.0,100
1743722100,18.81,51.5,0.0,100
1743723000,18.79,51.5,0.0,100
1743723900,18.77,51.7,0.0,100
1743724800,18.77,51.8,0.0,100
1743725700,18.83,52.3,0.0,100
1743726600,18.91,53.7,0.0,100
1743727500,18.94,54.2,0.0,100
1743728400,18.89,54.0,0.0,100
1743729300,18.87,54.1,0.0,100
1743730200,18.86,54.3,0.0,100
1743731100,18.83,54.8,0.0,100
1743732000,18.82,54.6,0.0,100
1743732900,18.78,54.6,0.0,100
1743733800,18.78,54.9,0.0,100
1743734700,18.73,54.5,0.0,100
1743735600,18.74,54.5,0.0,100
1743736500,18.68,54.8,0.0,100
1743737400,18.66,54.6,0.0,100
1743738300,18.65,54.5,0.0,100
1743739200,18.60,54.7,0.0,100
1743740100,18.63,54.5,0.0,100
1743741000,18.63,54.2,0.0,100
1743741900,18.61,54.0,0.0,100
1743742800,18.65,54.0,0.0,100
1743743700,18.69,54.1,0.0,100
1743744600,18.67,54.0,0.0,100
1743745500,18.66,53.9,0.0,100
1743746400,18.71,53.9,0.0,100
1743747300,18.74,53.8,0.0,100
1743748200,18.80,54.0,0.0,100
1743749100,19.04,53.8,0.0,100
1743750000,19.26,53.8,0.0,100
1743750900,19.47,53.8,0.0,100
1743751800,19.60,53.9,0.0,100
1743752700,19.81,53.2,0.0,100
1743753600,19.75,51.6,0.0,100
1743754500,19.75,50.5,0.0,100
1743755400,19.72,47.8,0.0,100
1743756300,19.77,48.5,0.0,100
1743757200,19.99,47.6,0.0,100
1743758100,20.11,47.0,0.0,100
1743759000,20.23,46.5,0.0,100
1743759900,20.28,47.2,0.0,100
1743760800,20.33,47.6,0.0,100
1743761700,20.42,47.8,0.0,100
1743762600,20.51,47.5,0.0,100
1743763500,20.63,47.9,0.0,100
1743764400,20.69,48.1,0.0,100
1743765300,20.71,48.2,0.0,100
1743766200,20.74,48.2,0.0,100
1743767100,20.71,48.2,0.0,100
1743768000,20.68,48.2,0.0,100
1743768900,20.64,48.2,0.0,100
1743769800,20.64,48.1,0.0,100
1743770700,20.65,48.4,0.0,100
1743771600,20.44,47.3,0.0,100
1743772500,20.28,46.5,0.0,100
1743773400,20.19,46.5,0.0,100
1743774300,20.31,48.4,0.0,100
1743775200,20.23,49.1,0.0,100
1743776100,19.75,46.7,0.0,100
1743777000,19.91,48.6,0.0,100
1743777900,19.62,46.7,0.0,100
1743778800,19.69,48.8,0.0,100
1743779700,19.57,48.1,0.0,100
1743780600,19.57,48.0,0.0,100
1743781500,19.48,48.0,0.0,100
1743782400,19.43,48.3,0.0,100
1743783300,19.38,48.4,0.0,100
1743784200,19.28,48.3,0.0,100
1743785100,19.21,48.2,0.0,100
1743786000,19.21,50.2,0.0,100
1743786900,19.18,50.3,0.0,100
1743787800,19.23,51.3,0.0,100
1743788700,19.17,50.2,0.0,100
1743789600,19.17,51.6,0.0,100
1743790500,19.19,50.2,0.0,100
1743791400,19.15,50.5,0.0,100
1743792300,19.13,50.5,0.0,100
1743793200,19.10,50.5,0.0,100
1743794100,19.07,50.8,0.0,100
1743795000,19.03,50.3,0.0,100
1743795530,19.06,50.8,0.0,100
1743795530,19.05,50.9,0.0,100
1743795900,18.95,51.5,0.0,100
1743796800,18.96,52.5,0.0,100
1743797700,19.03,53.2,0.0,100
1743798600,19.12,54.0,0.0,100
1743799500,19.08,53.6,0.0,100
1743800400,19.09,53.6,0.0,100
1743801300,18.98,52.4,0.0,100
1743802200,18.99,52.5,0.0,100
1743803100,18.87,51.7,0.0,100
1743804000,19.07,51.9,0.0,100
1743804900,19.30,51.8,0.0,100
1743805800,19.53,51.6,0.0,100
1743806700,19.60,51.3,0.0,100
1743807600,19.56,51.3,0.0,100
1743808500,19.64,51.1,0.0,100
1743809400,19.65,51.0,0.0,100
1743810300,19.69,50.8,0.0,100
1743811200,19.66,50.6,0.0,100
1743812100,19.60,50.7,0.0,100
1743813000,19.56,50.9,0.0,100
1743813900,19.51,50.7,0.0,100
1743814800,19.46,50.6,0.0,100
1743815700,19.42,50.6,0.0,100
1743816600,19.26,51.1,0.0,100
1743817500,19.17,51.0,0.0,100
1743818400,19.06,50.9,0.0,100
1743819300,19.06,50.6,0.0,100
1743820200,19.03,50.4,0.0,100
1743821100,18.95,50.1,0.0,100
1743822000,18.90,50.2,0.0,100
1743822900,19.02,50.0,0.0,100
1743823800,18.70,48.6,0.0,100
1743824700,19.11,48.8,0.0,100
1743824960,19.16,50.3,0.0,100
1743825010,19.21,51.5,0.0,100
1743825600,19.22,48.0,0.0,100
1743826500,19.32,48.6,0.0,100
1743827400,18.89,42.9,0.0,100
1743828300,18.55,42.3,0.0,100
1743829200,18.27,41.2,0.0,100
1743830100,18.09,40.2,0.0,100
1743831000,17.94,40.7,0.0,100
1743831900,18.21,41.3,0.0,100
1743832800,17.20,41.4,0.0,100
1743833700,18.19,42.0,0.0,100
1743834600,18.50,42.3,0.0,100
1743835500,18.89,42.8,0.0,100
1743836400,19.26,43.7,0.0,100
1743837300,19.34,43.3,0.0,100
1743838200,19.65,43.9,0.0,100
1743839100,19.87,43.9,0.0,100
1743840000,20.10,44.9,0.0,100
1743840900,20.11,44.4,0.0,100
1743841800,20.30,44.8,0.0,100
1743842700,20.36,45.7,0.0,100
1743843600,20.35,45.2,0.0,100
1743844500,20.47,45.2,0.0,100
1743845400,20.41,45.5,0.0,100
1743846300,20.36,45.8,0.0,100
1743847200,20.38,46.1,0.0,100
1743848100,20.39,46.1,0.0,100
1743849000,20.26,46.1,0.0,100
1743849900,20.25,46.3,0.0,100
1743850800,20.17,46.1,0.0,100
1743851700,20.34,46.2,0.0,100
1743852600,20.47,45.9,0.0,100
1743853500,20.49,46.1,0.0,100
1743854400,20.40,46.3,0.0,100
1743855300,20.40,46.2,0.0,100
1743856200,20.39,46.1,0.0,100
1743857100,20.38,46.3,0.0,100
1743858000,20.20,46.7,0.0,100
1743858900,20.14,46.4,0.0,100
1743859000,20.04,44.1,0.0,100
1743859800,20.01,46.2,0.0,100
1743860700,19.96,46.2,0.0,100
1743861600,19.64,43.8,0.0,100
1743862500,19.72,44.4,0.0,100
1743863400,19.65,44.3,0.0,100
1743864300,19.59,44.7,0.0,100
1743865200,19.50,45.1,0.0,100
1743866100,19.45,44.8,0.0,100
1743867000,19.42,44.9,0.0,100
1743867900,19.27,45.0,0.0,100
1743868800,19.33,45.0,0.0,100
1743869700,19.24,45.5,0.0,100
1743870600,19.01,43.5,0.0,100
1743871500,19.01,42.5,0.0,100
1743872400,19.10,43.8,0.0,100
1743873300,19.10,44.2,0.0,100
1743874200,19.03,44.5,0.0,100
1743875100,19.04,44.7,0.0,100
1743876000,18.99,44.9,0.0,100
1743876900,18.96,45.1,0.0,100
1743877800,18.89,44.7,0.0,100
1743878700,18.87,44.9,0.0,100
1743879600,18.91,44.9,0.0,100
1743880500,19.21,44.9,0.0,100
1743881400,19.45,44.9,0.0,100
1743882300,19.61,45.0,0.0,100
1743883200,19.76,45.1,0.0,100
1743884100,19.86,45.2,0.0,100
1743885000,19.88,45.3,0.0,100
1743885900,19.99,45.4,0.0,100
1743886800,20.03,45.6,0.0,100
1743887700,20.07,45.5,0.0,100
1743888600,20.14,45.7,0.0,100
1743889500,20.14,45.8,0.0,100
1743890400,20.07,45.8,0.0,100
1743891300,19.98,45.9,0.0,100
1743892200,19.88,46.0,0.0,100
1743893100,19.79,46.2,0.0,100
1743894000,19.69,46.2,0.0,100
1743894900,19.64,46.4,0.0,100
1743895800,19.56,46.5,0.0,100
1743896700,19.52,46.7,0.0,100
1743897600,19.45,47.0,0.0,100
1743898500,19.42,47.1,0.0,100
1743899400,19.33,47.2,0.0,100
1743900300,19.31,47.3,0.0,100
1743901200,19.25,47.4,0.0,100
1743902100,19.21,47.3,0.0,100
1743903000,19.15,47.2,0.0,100
1743903900,19.10,47.3,0.0,100
1743904800,19.06,47.3,0.0,100
1743905700,19.04,47.3,0.0,100
1743906600,18.99,47.2,0.0,100
1743907500,18.96,47.3,0.0,100
1743908400,18.94,47.3,0.0,100
1743909300,18.91,47.3,0.0,100
1743910200,18.86,47.4,0.0,100
1743911100,18.83,47.3,0.0,100
1743912000,18.79,47.4,0.0,100
1743912900,18.78,47.4,0.0,100
1743913800,18.75,47.5,0.0,100
1743914700,18.72,47.4,0.0,100
1743915600,18.68,47.5,0.0,100
1743916500,18.69,45.8,0.0,100
1743917400,18.88,43.1,0.0,100
1743918300,19.12,43.1,0.0,100
1743919200,19.28,42.9,0.0,100
1743920100,19.39,43.2,0.0,100
1743921000,19.47,43.3,0.0,100
1743921900,19.00,39.8,0.0,100
1743922800,19.05,44.0,0.0,100
1743923700,19.20,43.3,0.0,100
1743924600,19.10,42.3,0.0,100
1743925500,19.10,42.4,0.0,100
1743926400,19.16,43.0,0.0,100
1743927300,19.17,43.9,0.0,100
1743928200,19.12,44.6,0.0,100
1743929100,19.13,44.4,0.0,100
1743930000,19.07,44.3,0.0,100
1743930900,19.05,44.0,0.0,100
1743931800,19.11,44.6,0.0,100
1743932700,19.09,43.3,0.0,100
1743933600,18.84,43.4,0.0,100
1743934500,19.13,43.8,0.0,100
1743935400,19.17,44.7,0.0,100
1743936300,19.10,45.3,0.0,100
1743937200,19.13,46.7,0.0,100
1743938100,19.47,47.4,0.0,100
1743939000,19.49,47.5,0.0,100
1743939900,19.34,47.6,0.0,100
1743940800,19.44,47.4,0.0,100
1743941700,19.30,47.1,0.0,100
1743942600,19.26,47.0,0.0,100
1743943500,19.21,46.6,0.0,100
1743944400,19.36,46.5,0.0,100
1743945300,19.37,46.3,0.0,100
1743946200,19.45,46.9,0.0,100
1743947100,19.44,46.9,0.0,100
1743948000,19.37,46.3,0.0,100
1743948900,19.33,46.0,0.0,100
1743949800,19.26,45.8,0.0,100
1743950700,19.19,45.9,0.0,100
1743951600,19.04,46.2,0.0,100
1743952500,19.00,45.6,0.0,100
1743953400,18.89,45.2,0.0,100
1743954300,18.79,44.7,0.0,100
1743955200,18.80,45.2,0.0,100
1743956100,18.73,45.1,0.0,100
1743957000,18.77,45.0,0.0,100
1743957900,18.81,45.3,0.0,100
1743958800,19.00,45.7,0.0,100
1743959700,19.16,46.3,0.0,100
1743960600,19.21,46.3,0.0,100
1743961500,19.29,46.7,0.0,100
1743962400,19.45,46.9,0.0,100
1743963300,19.54,47.0,0.0,100
1743964200,19.64,47.1,0.0,100
1743965100,19.58,47.2,0.0,100
1743966000,19.52,47.3,0.0,100
1743966900,19.43,47.1,0.0,100
1743967800,19.33,47.6,0.0,100
1743968700,19.26,47.8,0.0,100
1743969600,19.20,47.9,0.0,100
1743970500,19.13,48.3,0.0,100
1743971400,19.15,47.7,0.0,100
1743972300,19.12,47.9,0.0,100
1743973200,19.08,47.8,0.0,100
1743974100,19.09,48.1,0.0,100
1743975000,19.04,48.4,0.0,100
1743975900,18.99,48.5,0.0,100
1743976800,18.95,48.5,0.0,100
1743977700,18.92,48.6,0.0,100
1743978600,18.88,48.9,0.0,100
1743979500,18.86,49.1,0.0,100
1743980400,18.81,48.7,0.0,100
1743981300,18.81,48.6,0.0,100
1743982200,18.80,48.4,0.0,100
1743983100,18.77,48.6,0.0,100
1743984000,18.76,48.5,0.0,100
1743984900,18.77,49.0,0.0,100
1743985800,18.74,49.5,0.0,100
1743986700,18.71,49.8,0.0,100
1743987600,18.68,50.2,0.0,100
1743988500,18.64,49.9,0.0,100
1743989400,18.63,50.2,0.0,100
1743990300,18.60,50.3,0.0,100
1743991200,18.58,50.6,0.0,100
1743992100,18.55,50.6,0.0,100
1743993000,18.51,50.8,0.0,100
1743993900,18.47,51.1,0.0,100
1743994800,18.46,51.1,0.0,100
1743995700,18.45,51.1,0.0,100
1743996600,18.41,50.8,0.0,100
1743997500,18.38,50.7,0.0,100
1743998400,18.36,50.8,0.0,100
1743999300,18.41,49.9,0.0,100
1744000200,18.15,48.7,0.0,100
1744001100,18.53,47.1,0.0,100
1744002000,18.80,48.0,0.0,100
1744002900,18.86,47.9,0.0,100
1744003800,18.84,48.0,0.0,100
1744004700,18.83,48.1,0.0,100
1744005600,18.81,48.3,0.0,100
1744006500,18.79,48.6,0.0,100
1744007400,18.76,48.8,0.0,100
1744008300,18.73,48.8,0.0,100
1744009200,18.83,49.0,0.0,100
1744010100,18.86,48.9,0.0,100
1744011000,18.85,49.0,0.0,100
1744011900,18.97,49.0,0.0,100
1744012800,18.98,49.1,0.0,100
1744013700,19.01,49.0,0.0,100
1744014600,18.98,49.7,0.0,100
1744015500,19.12,49.4,0.0,100
1744016400,19.15,49.5,0.0,100
1744017300,19.14,49.4,0.0,100
1744018200,19.20,48.9,0.0,100
1744019100,19.27,48.9,0.0,100
1744020000,19.31,49.0,0.0,100
1744020900,19.31,48.8,0.0,100
1744021800,19.35,49.0,0.0,100
1744022700,19.45,49.1,0.0,100
1744023600,19.36,49.1,0.0,100
1744024500,19.36,49.0,0.0,100
1744025400,19.46,48.9,0.0,100
1744026300,19.10,45.8,0.0,100
1744027200,19.44,47.1,0.0,100
1744028100,19.42,47.0,0.0,100
1744029000,19.47,47.2,0.0,100
1744029900,19.61,48.4,0.0,100
1744030800,19.76,49.6,0.0,100
1744031700,19.75,51.5,0.0,100
1744032600,19.66,50.3,0.0,100
1744033500,19.65,50.4,0.0,100
1744034400,19.52,50.5,0.0,100
1744035300,19.44,50.5,0.0,100
1744036200,19.45,50.3,0.0,100
1744037100,19.38,50.2,0.0,100
1744038000,19.29,50.2,0.0,100
1744038900,19.26,50.1,0.0,100
1744039800,19.29,50.1,0.0,100
1744040700,19.19,49.8,0.0,100
1744041600,19.23,50.4,0.0,100
1744042500,18.89,45.0,0.0,100
1744043400,18.78,47.8,0.0,100
1744044300,18.98,47.5,0.0,100
1744045200,19.03,47.8,0.0,100
1744046100,18.81,47.1,0.0,100
1744047000,18.99,47.7,0.0,100
1744047900,18.85,45.5,0.0,100
1744048800,18.80,46.9,0.0,100
1744049700,18.88,46.9,0.0,100
1744050600,18.91,47.2,0.0,100
1744051500,19.19,47.4,0.0,100
1744052400,19.29,47.9,0.0,100
1744053300,19.27,48.7,0.0,100
1744054200,19.29,48.5,0.0,100
1744055100,19.24,48.7,0.0,100
1744056000,19.17,48.8,0.0,100
1744056900,19.13,49.1,0.0,100
1744057800,19.06,49.4,0.0,100
1744058700,19.02,49.7,0.0,100
1744059600,18.95,50.1,0.0,100
1744060500,18.92,50.2,0.0,100
1744061400,18.91,50.5,0.0,100
1744062300,18.84,50.7,0.0,100
1744063200,18.82,50.9,0.0,100
1744064100,18.76,50.9,0.0,100
1744065000,18.73,51.0,0.0,100
1744065900,18.70,51.1,0.0,100
1744066800,18.68,51.0,0.0,100
1744067700,18.67,51.1,0.0,100
1744068600,18.68,51.4,0.0,100
1744069500,18.67,51.9,0.0,100
1744070400,18.65,52.4,0.0,100
1744071300,18.66,52.4,0.0,100
1744072200,18.67,53.0,0.0,100
1744073100,18.62,53.5,0.0,100
1744074000,18.61,53.7,0.0,100
1744074900,18.59,53.8,0.0,100
1744075800,18.58,53.9,0.0,100
1744076700,18.50,54.1,0.0,100
1744077600,18.48,54.0,0.0,100
1744078500,18.45,53.9,0.0,100
1744079400,18.42,54.4,0.0,100
1744080300,18.40,53.9,0.0,100
1744081200,18.36,53.9,0.0,100
1744082100,18.32,54.2,0.0,100
1744083000,18.44,53.3,0.0,100
1744083900,18.55,52.3,0.0,100
1744084800,18.61,52.2,0.0,100
1744085700,18.65,52.0,0.0,100
1744086600,18.72,51.6,0.0,100
1744087500,17.95,48.4,0.0,100
1744088400,18.27,47.2,0.0,100
1744089300,18.28,47.1,0.0,100
1744089550,18.32,47.1,0.0,100
1744089550,18.33,49.9,0.0,100
1744090740,17.32,46.3,0.0,100
1744090770,17.35,44.7,0.0,100
1744091100,17.77,44.0,0.0,100
1744092000,18.21,43.6,0.0,100
1744092900,18.48,43.5,0.0,100
1744093800,18.74,44.0,0.0,100
1744094700,18.91,44.1,0.0,100
1744095600,19.04,44.7,0.0,100
1744096500,19.16,44.9,0.0,100
1744097400,19.22,45.5,0.0,100
1744098300,19.53,45.9,0.0,100
1744099200,19.59,47.5,0.0,100
1744100100,19.63,46.0,0.0,100
1744101000,19.70,46.3,0.0,100
1744101900,19.80,46.1,0.0,100
1744102800,19.61,47.1,0.0,100
1744103700,19.23,43.7,0.0,100
1744104600,19.20,44.3,0.0,100
1744105500,19.39,44.8,0.0,100
1744106400,19.61,45.2,0.0,100
1744107300,19.68,45.0,0.0,100
1744108200,19.55,43.5,0.0,100
1744109100,19.75,44.4,0.0,100
1744110000,19.68,43.7,0.0,100
1744110900,19.65,42.9,0.0,100
1744111800,19.71,42.1,0.0,100
1744112700,19.80,42.3,0.0,100
1744113600,19.92,42.7,0.0,100
1744114500,19.75,42.1,0.0,100
1744115400,19.61,42.0,0.0,100
1744116300,19.73,42.6,0.0,100
1744117200,19.75,43.1,0.0,100
1744118100,19.78,43.6,0.0,100
1744119000,19.65,43.5,0.0,100
1744119900,19.42,42.4,0.0,100
1744120800,19.33,42.2,0.0,100
1744121700,19.36,43.0,0.0,100
1744122600,19.28,43.4,0.0,100
1744123500,19.20,43.8,0.0,100
1744124400,19.16,44.2,0.0,100
1744125300,19.16,44.7,0.0,100
1744126200,19.12,44.8,0.0,100
1744127100,19.06,45.0,0.0,100
1744128000,19.02,45.2,0.0,100
1744128900,18.99,45.3,0.0,100
1744129800,18.97,45.5,0.0,100
1744130700,18.91,45.7,0.0,100
1744131600,18.77,45.5,0.0,100
1744132500,18.82,45.7,0.0,100
1744133400,18.76,46.4,0.0,100
1744134300,18.64,45.5,0.0,100
1744135200,18.71,46.6,0.0,100
1744136100,19.02,47.0,0.0,100
1744137000,19.21,47.6,0.0,100
1744137900,19.40,48.3,0.0,100
1744138800,19.59,48.1,0.0,100
1744139700,19.59,48.2,0.0,100
1744140600,19.57,48.7,0.0,100
1744141500,19.49,48.8,0.0,100
1744142400,19.45,48.7,0.0,100
1744143300,19.36,49.0,0.0,100
1744144200,19.32,49.0,0.0,100
1744145100,19.29,49.3,0.0,100
1744146000,19.22,49.2,0.0,100
1744146900,19.16,49.2,0.0,100
1744147800,19.07,49.3,0.0,100
1744148700,19.05,49.6,0.0,100
1744149600,19.02,49.6,0.0,100
1744150500,18.98,49.6,0.0,100
1744151400,18.92,49.9,0.0,100
1744152300,18.96,49.9,0.0,100
1744153200,18.93,50.2,0.0,100
1744154100,18.97,50.8,0.0,100
1744155000,18.91,51.6,0.0,100
1744155900,18.87,51.4,0.0,100
1744156800,18.83,51.8,0.0,100
1744157700,18.81,52.0,0.0,100
1744158600,18.78,51.9,0.0,100
1744159500,18.75,51.9,0.0,100
1744160400,18.71,51.9,0.0,100
1744161300,18.65,51.7,0.0,100
1744162200,18.61,51.8,0.0,100
1744163100,18.59,51.7,0.0,100
1744164000,18.56,51.7,0.0,100
1744164900,18.54,51.6,0.0,100
1744165800,18.51,51.7,0.0,100
1744166700,18.49,51.4,0.0,100
1744167600,18.71,51.5,0.0,100
1744168500,18.98,51.5,0.0,100
1744169400,19.22,51.6,0.0,100
1744170300,19.20,50.7,0.0,100
1744171200,19.37,50.5,0.0,100
1744172100,19.34,49.7,0.0,100
1744173000,19.38,50.1,0.0,100
1744173900,19.08,48.2,0.0,100
1744174800,18.88,47.2,0.0,100
1744175700,18.71,46.3,0.0,100
1744176600,18.60,45.6,0.0,100
1744177500,18.74,46.3,0.0,100
1744178400,18.69,46.6,0.0,100
1744179300,18.64,46.4,0.0,100
1744180200,17.72,42.6,0.0,100
1744181100,17.87,42.4,0.0,100
1744182000,18.16,43.1,0.0,100
1744182900,18.50,44.6,0.0,100
1744183800,18.57,44.9,0.0,100
1744184700,18.61,45.2,0.0,100
1744185600,18.73,44.9,0.0,100
1744186500,18.77,45.6,0.0,100
1744187400,18.78,45.8,0.0,100
1744188300,18.92,46.3,0.0,100
1744189200,18.97,46.9,0.0,100
1744190100,19.00,47.2,0.0,100
1744191000,19.12,47.5,0.0,100
1744191900,19.02,44.2,0.0,100
1744192800,18.96,44.1,0.0,100
1744193700,19.05,44.3,0.0,100
1744194600,19.12,44.6,0.0,100
1744195500,19.17,45.0,0.0,100
1744196400,19.08,43.3,0.0,100
1744197300,19.20,44.9,0.0,100
1744198200,19.23,45.2,0.0,100
1744199100,19.21,45.6,0.0,100
1744200000,19.22,46.0,0.0,100
1744200900,19.21,45.9,0.0,100
1744201800,19.10,45.1,0.0,100
1744202700,19.16,45.3,0.0,100
1744203600,18.93,42.6,0.0,100
1744204500,18.83,41.2,0.0,100
1744205400,18.77,41.6,0.0,100
1744206300,18.80,42.1,0.0,100
1744207200,18.74,42.2,0.0,100
1744208100,18.72,42.5,0.0,100
1744209000,18.68,42.8,0.0,100
1744209900,18.66,43.0,0.0,100
1744210800,18.68,43.5,0.0,100
1744211700,18.73,43.3,0.0,100
1744212600,18.72,43.7,0.0,100
1744213500,18.72,44.1,0.0,100
1744214400,18.42,43.0,0.0,100
1744215300,18.70,43.8,0.0,100
1744216200,18.98,44.8,0.0,100
1744217100,19.13,45.1,0.0,100
1744218000,19.28,45.7,0.0,100
1744218900,19.39,46.0,0.0,100
1744219800,19.45,46.2,0.0,100
1744220700,19.42,46.6,0.0,100
1744221600,19.46,47.1,0.0,100
1744222500,19.54,47.4,0.0,100
1744223400,19.53,47.6,0.0,100
1744224300,19.58,47.9,0.0,100
1744225200,19.64,48.0,0.0,100
1744226100,19.67,48.0,0.0,100
1744227000,19.70,47.9,0.0,100
1744227900,19.68,47.9,0.0,100
1744228800,19.76,47.8,0.0,100
1744229700,19.85,47.7,0.0,100
1744230600,19.91,47.8,0.0,100
1744231500,19.93,47.7,0.0,100
1744232400,20.01,47.9,0.0,100
1744233300,20.08,47.7,0.0,100
1744234200,20.06,48.1,0.0,100
1744235100,20.11,48.6,0.0,100
1744236000,20.03,48.5,0.0,100
1744236900,19.97,48.8,0.0,100
1744237800,19.89,48.7,0.0,100
1744238700,19.83,48.8,0.0,100
1744239600,19.77,49.0,0.0,100
1744240500,19.68,49.0,0.0,100
1744241400,19.67,49.1,0.0,100
1744242300,19.61,49.3,0.0,100
1744243200,19.50,49.6,0.0,100
1744244100,19.45,49.6,0.0,100
1744245000,19.39,49.9,0.0,100
1744245900,19.31,50.2,0.0,100
1744246800,19.24,50.3,0.0,100
1744247700,19.21,50.2,0.0,100
1744248600,19.13,50.4,0.0,100
1744249500,19.09,50.5,0.0,100
1744250400,19.03,50.5,0.0,100
1744251300,19.00,50.3,0.0,100
1744252200,18.95,50.4,0.0,100
1744253100,19.02,50.5,0.0,100
1744254000,19.05,50.2,0.0,100
1744254900,19.16,49.9,0.0,100
1744255800,19.18,49.7,0.0,100
1744256700,19.12,49.5,0.0,100
1744257600,19.16,49.1,0.0,100
1744258500,19.22,49.6,0.0,100
1744259400,19.23,49.5,0.0,100
1744260300,19.20,49.6,0.0,100
1744261200,19.25,49.3,0.0,100
1744262100,19.26,49.4,0.0,100
1744263000,19.24,49.6,0.0,100
1744263900,19.28,49.5,0.0,100
1744264800,19.23,49.1,0.0,100
1744265700,19.29,49.0,0.0,100
1744266600,19.27,49.2,0.0,100
1744267500,19.33,49.2,0.0,100
1744268400,19.39,49.3,0.0,100
1744269300,19.39,49.2,0.0,100
1744270200,19.46,48.6,0.0,100
1744271100,19.39,48.9,0.0,100
1744272000,19.39,49.5,0.0,100
1744272900,19.44,48.7,0.0,100
1744273800,19.46,48.3,0.0,100
1744274700,19.38,48.3,0.0,100
1744275600,19.42,48.8,0.0,100
1744276500,19.47,48.7,0.0,100
1744277400,19.44,48.8,0.0,100
1744278300,19.28,48.3,0.0,100
1744279200,19.46,48.1,0.0,100
1744280100,19.50,48.3,0.0,100
1744281000,19.42,48.6,0.0,100
1744281900,19.38,48.6,0.0,100
1744282800,19.44,49.0,0.0,100
1744283700,19.45,49.0,0.0,100
1744284600,19.41,49.3,0.0,100
1744285500,19.38,49.3,0.0,100
1744286400,19.46,49.1,0.0,100
1744287300,19.46,49.3,0.0,100
1744288200,19.49,49.8,0.0,100
1744289100,19.44,49.5,0.0,100
1744290000,19.41,49.4,0.0,100
1744290900,19.45,49.6,0.0,100
1744291800,19.44,49.5,0.0,100
1744292700,19.43,49.5,0.0,100
1744293600,19.39,49.6,0.0,100
1744294500,19.12,46.7,0.0,100
1744295400,19.20,46.7,0.0,100
1744296300,19.28,46.7,0.0,100
1744297200,19.36,47.7,0.0,100
1744298100,19.37,48.5,0.0,100
1744378420,19.16,51.4,0.0,100
1744378870,19.07,51.7,0.0,100
1744379100,18.96,52.3,0.0,100
1744380000,18.86,52.7,0.0,100
1744380900,18.95,53.9,0.0,100
1744381800,19.05,56.2,0.0,100
1744382700,19.08,57.1,0.0,100
1744383600,19.05,56.7,0.0,100
1744384500,19.03,56.5,0.0,100
1744385400,19.00,56.2,0.0,100
1744386300,18.97,55.9,0.0,100
1744387200,18.93,55.6,0.0,100
1744388100,18.93,55.4,0.0,100
1744389000,18.90,55.1,0.0,100
1744389900,18.67,54.5,0.0,100
1744390800,18.77,54.1,0.0,100
1744391700,18.79,54.5,0.0,100
1744392600,18.78,54.4,0.0,100
1744393500,18.75,53.9,0.0,100
1744394400,18.72,53.8,0.0,100
1744395300,18.71,54.1,0.0,100
1744396200,18.71,54.1,0.0,100
1744397100,18.67,54.3,0.0,100
1744398000,18.61,54.7,0.0,100
1744398900,18.48,54.3,0.0,100
1744399800,18.45,53.3,0.0,100
1744400700,18.44,53.6,0.0,100
1744401600,18.42,53.7,0.0,100
1744402500,18.39,53.8,0.0,100
1744403400,18.37,53.8,0.0,100
1744404300,18.37,53.7,0.0,100
1744405200,18.34,53.6,0.0,100
1744406100,18.32,53.9,0.0,100
1744407000,18.28,53.8,0.0,100
1744446110,19.21,54.7,0.0,100
1744446180,19.26,53.7,0.0,100
1744446270,19.30,53.8,0.0,100
1744446320,19.28,53.5,0.0,100
1744446990,19.24,54.1,0.0,100
1744447500,19.29,53.8,0.0,100
1744447590,19.27,53.9,0.0,100
1744485380,19.32,54.0,0.0,100
1744486200,19.30,54.2,0.0,100
1744487100,19.23,54.4,0.0,100
1744488000,19.21,54.7,0.0,100
1744488100,19.17,54.9,0.0,100
1744492440,18.88,57.8,0.0,100
1744492500,18.92,58.7,0.0,100
1744492520,18.91,58.7,0.0,100
1744531170,19.12,55.1,0.0,100
1744532100,19.21,53.8,0.0,100
1744550490,20.65,46.4,0.0,100
1744551000,20.61,45.4,0.0,100
1744551900,20.61,45.9,0.0,100
1744552800,20.61,46.9,0.0,100
1744553700,20.50,46.0,0.0,100
1744568450,19.59,50.9,0.0,100
1744569000,19.59,50.4,0.0,100
1744569900,19.55,50.8,0.0,100
1744571050,19.51,51.7,0.0,100
1744571070,19.49,51.1,0.0,100
1744571700,19.49,50.8,0.0,100
1744572600,19.45,50.9,0.0,100
1744573500,19.40,50.9,0.0,100
1744574400,19.38,51.0,0.0,100
1744575300,19.36,51.1,0.0,100
1744576200,19.31,51.4,0.0,100
1744576810,19.36,52.1,0.0,100
1744577100,19.36,52.2,0.0,100
1744578000,19.39,52.6,0.0,100
1744578900,19.37,53.0,0.0,100
1744579800,19.36,53.2,0.0,100
1744580700,19.33,53.7,0.0,100
1744581600,19.33,54.0,0.0,100
1744587770,19.20,54.7,0.0,100
1744587860,19.23,54.6,0.0,100
1744614330,19.22,55.7,0.0,100
1744614900,19.23,55.3,0.0,100
1744615400,20.32,53.5,0.0,100
1744615800,19.75,54.3,0.0,100
1744616700,19.42,55.3,0.0,100
1744617600,19.47,55.3,0.0,100
1744618500,19.47,55.3,0.0,100
1744620890,19.59,55.4,0.0,100
1744621070,19.55,55.5,0.0,100
1744621890,19.59,55.7,0.0,100
1744622100,19.54,55.5,0.0,100
1744627700,19.78,55.7,0.0,100
1744628400,19.88,54.2,0.0,100
1744629300,20.10,53.8,0.0,100
1744630200,20.07,53.6,0.0,100
1744631100,20.11,53.0,0.0,100
1744632000,20.04,53.2,0.0,100
1744632900,20.10,53.1,0.0,100
1744633800,20.13,53.2,0.0,100
1744634700,20.15,53.2,0.0,100
1744635600,20.35,52.7,0.0,100
1744636500,20.41,52.6,0.0,100
1744637400,20.23,52.9,0.0,100
1744638300,20.07,53.0,0.0,100
1744639200,19.89,53.3,0.0,100
1744640100,19.82,54.3,0.0,100
1744641000,19.85,55.2,0.0,100
1744641900,19.93,56.5,0.0,100
1744642800,19.87,56.4,0.0,100
1744643700,19.79,56.6,0.0,100
1744653610,19.57,57.9,0.0,100
1744654500,19.69,57.7,0.0,100
1744655400,19.88,57.5,0.0,100
1744656300,20.03,57.4,0.0,100
1744657200,20.12,57.3,0.0,100
1744658100,20.28,59.3,0.0,100
1744659000,20.23,56.9,0.0,100
1744659900,20.18,56.9,0.0,100
1744660800,20.14,56.6,0.0,100
1744661700,20.10,56.5,0.0,100
1744662600,20.05,56.4,0.0,100
1744663500,19.97,56.2,0.0,100
1744664400,19.95,56.3,0.0,100
1744665300,19.90,56.2,0.0,100
1744666200,19.84,56.0,0.0,100
1744667100,19.83,56.0,0.0,100
1744668000,19.79,56.0,0.0,100
1744668900,19.73,55.9,0.0,100
1744669800,19.73,55.8,0.0,100
1744670700,19.71,55.8,0.0,100
1744671600,19.68,55.9,0.0,100
1744672500,19.64,55.8,0.0,100
1744673400,19.63,56.0,0.0,100
1744674300,19.67,56.3,0.0,100
1744675200,19.68,56.5,0.0,100
1744676100,19.60,56.4,0.0,100
1744677000,19.60,56.5,0.0,100
1744677900,19.59,56.8,0.0,100
1744678800,19.57,56.9,0.0,100
1744679700,19.53,56.9,0.0,100
1744680600,19.51,56.8,0.0,100
1744681500,19.50,56.8,0.0,100
1744682400,19.45,56.6,0.0,100
1744683300,19.44,56.6,0.0,100
1744684200,19.41,56.4,0.0,100
1744685100,19.39,56.2,0.0,100
1744686000,19.42,56.3,0.0,100
1744686900,19.53,57.5,0.0,100
1744686910,19.52,56.7,0.0,100
1744704900,19.37,53.1,0.0,100
1744705800,19.51,53.2,0.0,100
1744706700,19.65,53.3,0.0,100
1744717400,21.10,54.0,0.0,100
1744717500,21.11,54.1,0.0,100
1744718400,21.19,54.0,0.0,100
1744719300,21.23,53.5,0.0,100
1744720200,21.29,51.2,0.0,100
1744721100,21.27,48.4,0.0,100
1744722000,21.32,48.7,0.0,100
1744725890,21.29,48.1,0.0,100
1744726500,21.32,48.1,0.0,100
1744727400,21.25,48.5,0.0,100
1744744430,20.14,52.6,0.0,100
1744744500,20.12,52.5,0.0,100
1744745400,20.12,52.3,0.0,100
1744746300,20.14,52.7,0.0,100
1744747200,20.13,52.8,0.0,100
1744748100,20.11,53.0,0.0,100
1744749000,20.09,53.3,0.0,100
1744749900,20.07,53.3,0.0,100
1744750800,20.06,53.5,0.0,100
1744752490,20.01,54.2,0.0,100
1744752600,20.01,54.0,0.0,100
1744756010,19.98,55.0,0.0,100
1744756200,19.99,54.9,0.0,100
1744757100,19.92,54.8,0.0,100
1744758000,19.92,55.0,0.0,100
1744758900,19.91,55.5,0.0,100
1744759800,19.88,56.0,0.0,100
1744760700,19.88,56.2,0.0,100
1744761600,19.85,56.1,0.0,100
1744762500,19.83,56.2,0.0,100
1744786980,19.61,57.6,0.0,100
1744787700,19.61,57.3,0.0,100
1744788600,19.50,58.0,0.0,100
1744789500,19.57,57.8,0.0,100
1744790400,19.61,57.9,0.0,100
1744791300,19.62,58.0,0.0,100
1744792200,19.62,58.6,0.0,100
1744793100,19.64,58.7,0.0,100
1744794000,19.67,58.8,0.0,100
1744810340,20.50,58.5,0.0,100
1744811100,20.49,58.1,0.0,100
1744812000,20.48,58.5,0.0,100
1744816930,20.28,60.8,0.0,100
1744817400,20.29,60.7,0.0,100
1744818300,20.24,60.6,0.0,100
1744819200,20.18,60.4,0.0,100
1744820100,20.14,60.4,0.0,100
1744821000,20.06,60.4,0.0,100
1744821900,20.01,60.4,0.0,100
1744822800,19.93,60.3,0.0,100
1744823700,19.89,60.8,0.0,100
1744824600,19.93,61.8,0.0,100
1744833750,19.76,61.7,0.0,100
1744834500,19.87,61.0,0.0,100
1744835400,19.89,61.0,0.0,100
1744836300,19.91,60.9,0.0,100
1744837200,19.91,60.9,0.0,100
1744838100,19.93,60.8,0.0,100
1744846960,19.90,59.8,0.0,100
1744847100,19.93,59.6,0.0,100
1744906120,21.05,53.9,0.0,100
1744906500,21.16,53.8,0.0,100
1744907200,21.34,53.9,0.0,100
1744907240,21.43,53.6,0.0,100
1744908570,21.25,54.3,0.0,100
1744909200,21.23,55.3,0.0,100
1744910980,22.50,56.1,0.0,90
1744911020,22.42,57.1,0.0,88
1744911090,22.10,57.3,0.0,90
1744911320,21.41,58.6,0.0,88
1744911380,21.42,61.4,0.0,94
1744911720,20.37,63.2,0.0,89
1744911760,20.42,59.4,0.0,61
1744911900,20.74,57.7,0.0,89
1744912180,21.14,57.0,0.0,81
1744912240,21.17,56.8,0.0,82
1744912290,21.21,56.8,0.0,83
1744912360,21.26,57.4,0.0,79
1744912440,21.33,56.7,0.0,0
1744919130,23.68,54.9,0.0,100
1744919160,23.71,54.7,0.0,100
1744919690,24.21,53.6,0.0,100
1744919730,24.17,53.0,0.0,100
1744919940,24.12,53.9,0.0,100
1744919970,24.11,53.5,0.0,100
1744919990,24.10,53.6,0.0,100
1744920000,24.10,53.5,0.0,100
1744920030,24.11,53.5,0.0,100
1744920900,24.19,53.0,0.0,100
1744921800,24.55,53.6,0.0,100
1744922700,25.01,52.8,0.0,100
1744923600,25.26,52.0,0.0,100
1744924500,25.41,51.8,0.0,100
1744925400,25.45,52.0,0.0,100
1744925930,25.50,52.2,0.0,100
1744926300,25.50,51.3,0.0,100
1744927200,25.51,52.3,0.0,100
1744928100,25.55,51.9,0.0,100
1744929000,25.57,51.1,0.0,100
1744929900,25.57,51.4,0.0,100
1744930800,25.66,50.5,0.0,100
1744931700,25.26,50.8,0.0,100
1744932160,25.22,50.5,0.0,87
1744932250,25.20,50.5,0.0,86
1744932720,25.36,62.1,0.0,44
1744932800,25.84,49.6,0.0,100
1744933500,24.92,51.2,0.0,100
